actuel planning;planning tool;actuel planning
411_CONTROLE_FINAL;509 Controle Final;411_CONTROLE_FINAL
401_FIC_&_INTERVEROUILLAGE;506 FIC;401_FIC_&_INTERVEROUILLAGE
402_CONTROLE_HT;507Controle HT;402_CONTROLE_HT
403_PREHENSEUR;507 Préhenseur Habillage;403_PREHENSEUR
404_COLLECTEUR_&_BRIDAGE;508 EQF1;404_COLLECTEUR_&_BRIDAGE
406_EQF2;508 EQF2;406_EQF2
407_EQF3;508 EQF3;407_EQF3
410_CONTROLE_BT;509 Controle BT1;410_CONTROLE_BT
;509 Contrôle BT2;
408_EQF4;508 EQF4;408_EQF4
412_EMBALLAGE;510 Emballage;412_EMBALLAGE
409_T300;508 EQF3;409_T300
XX_MALADIE;XX_MALADIE;XX_MALADIE
XX_DELEGATION;XX_DELEGATION;XX_DELEGATION
XX_CONGES;XX_CONGES;XX_CONGES
XX_FORMATION_EXT;XX_FORMATION_EXT;XX_FORMATION_EXT
XX_PRET;XX_PRET;XX_PRET
